{
  "task1": {"5":364537.375,"B":291064.84375,"1E":315747.1875,"IP3":334662.5625,"72":363980.09375,"OG":322924.5625,"DD":350492.40625,"4D":308052.875,"YY":351622.25,"ZFI":329369.5625,"UFO":315114.71875,"FL":382248.15625,"EX":330722.71875,"XR":354716.90625,"OR":383623},
  "task2": {"5":542618.1875,"B":136520.875,"1E":542618.1875,"IP3":542618.1875,"72":542618.1875,"OG":542618.1875,"DD":542618.1875,"4D":542618.1875,"YY":542618.1875,"ZFI":542618.1875,"UFO":542618.1875,"FL":542618.1875,"EX":542618.1875,"XR":505845.65625,"OR":542618.1875},
  "task3": {"5":335024.875,"B":276064.25,"1E":303343.625,"IP3":305981.34375,"72":334488.125,"OG":320208,"DD":291926.5,"4D":0,"YY":328074.5,"ZFI":317250.78125,"UFO":302226.71875,"FL":337096.875,"EX":321582,"XR":307616.5,"OR":336854.40625},
  "task4": {"5":562679.5625,"B":562679.5625,"1E":562679.5625,"IP3":562679.5625,"72":562679.5625,"OG":562679.5625,"DD":562679.5625,"4D":0,"YY":562679.5625,"ZFI":562679.5625,"UFO":562679.5625,"FL":562679.5625,"EX":562679.5625,"XR":562679.5625,"OR":562679.5625},
  "task5": {"5":576298,"B":425642.75,"1E":576298,"IP3":576298,"72":576298,"OG":576298,"DD":576298,"4D":86823,"YY":576298,"ZFI":576298,"UFO":576298,"FL":576298,"EX":576298,"XR":576298,"OR":576298},
  "task6": {"5":451443.40625,"B":278477,"1E":425631.0625,"IP3":444978.875,"72":449695,"OG":387568.65625,"DD":443985.90625,"4D":305515.25,"YY":434328.1875,"ZFI":421708.125,"UFO":379971.4375,"FL":426022.3125,"EX":427828.09375,"XR":405694.125,"OR":427757.375},
  "task7": {"5":254764.96875,"B":165619.6875,"1E":147864.421875,"IP3":251623.453125,"72":254809.125,"OG":69939.4375,"DD":259789.234375,"4D":248868.75,"YY":253464.921875,"ZFI":248888.390625,"UFO":250299.640625,"FL":259388.015625,"EX":255304.203125,"XR":249835.328125,"OR":257230.078125},
  "task8": {"5":409845.5625,"B":342164.625,"1E":412615.34375,"IP3":358747.625,"72":381022.15625,"OG":354092.5625,"DD":339052.28125,"4D":420036.875,"YY":415908.90625,"ZFI":377303.40625,"UFO":370820.125,"FL":399677.9375,"EX":396157.96875,"XR":396032.46875,"OR":399576.09375},
  "task9": {"5":848075.6875,"B":848075.6875,"1E":848075.6875,"IP3":848075.6875,"72":848075.6875,"OG":848075.6875,"DD":778075.5625,"4D":848075.6875,"YY":848075.6875,"ZFI":848075.6875,"UFO":848075.6875,"FL":848075.6875,"EX":848075.6875,"XR":848075.6875,"OR":848075.6875},
  "task10": {"5":403081.40625,"B":387172.84375,"1E":410703.625,"IP3":405979.0625,"72":403857.84375,"OG":396109.6875,"DD":409620.4375,"4D":393297.03125,"YY":432122.1875,"ZFI":410406.40625,"UFO":423994.125,"FL":389019.4375,"EX":392595.0625,"XR":347526.875,"OR":389033.28125}
}
